sa2_code,sa2_name,irsd_score,irsd_decile,irsad_score,irsad_decile,ier_score,ier_decile,ieo_score,ieo_decile
101021007,Braidwood,1024,6,1001,6,1027,7,1008.0,6.0
101021008,Karabar,994,5,982,5,1000,5,967.0,5.0
101021009,Queanbeyan,1010,5,998,6,945,3,1000.0,6.0
101021010,Queanbeyan - East,1025,6,1015,6,969,4,1025.0,7.0
101021012,Queanbeyan West - Jerrabomberra,1098,10,1107,9,1109,10,1080.0,8.0
101021610,Googong,1128,10,1154,10,1165,10,1127.0,9.0
101021611,Queanbeyan Surrounds,1098,10,1105,9,1135,10,1073.0,8.0
101031013,Bombala,965,3,935,3,976,4,919.0,3.0
101031014,Cooma,982,4,953,4,964,3,943.0,4.0
101031015,Cooma Surrounds,1039,7,1007,6,1066,9,985.0,5.0
101031016,Jindabyne - Berridale,1054,8,1025,7,1016,6,1001.0,6.0
101041017,Batemans Bay,946,2,909,2,957,3,894.0,2.0
101041018,Batemans Bay - South,989,4,954,4,986,5,947.0,4.0
101041019,Bega - Tathra,975,4,942,3,976,4,941.0,4.0
101041020,Bega-Eden Hinterland,991,4,954,4,1007,6,958.0,4.0
101041021,Broulee - Tomakin,1034,7,1002,6,1012,6,1011.0,6.0
101041022,Deua - Wadbilliga,1025,6,929,3,989,5,993.0,6.0
101041023,Eden,910,2,880,1,931,2,861.0,1.0
101041024,Eurobodalla Hinterland,995,5,954,4,1008,6,945.0,4.0
101041025,Merimbula - Tura Beach,1012,6,970,4,996,5,960.0,4.0
101041026,Moruya - Tuross Head,993,5,949,3,991,5,945.0,4.0
101041027,Narooma - Bermagui,986,4,946,3,976,4,953.0,4.0
101051539,Goulburn,957,3,933,3,964,3,918.0,2.0
101051540,Goulburn Surrounds,1017,6,987,5,1042,8,965.0,5.0
101061541,Yass,1018,6,992,5,1025,7,978.0,5.0
101061542,Yass Surrounds,1086,10,1092,9,1126,10,1079.0,8.0
101061543,Young,940,2,912,2,957,3,904.0,2.0
101061544,Young Surrounds,970,3,948,3,993,5,956.0,4.0
102011028,Avoca Beach - Copacabana,1079,9,1084,9,1103,10,1084.0,8.0
102011029,Box Head - MacMasters Beach,1064,8,1051,8,1074,9,1046.0,7.0
102011030,Calga - Kulnura,1027,6,1021,6,1051,8,1003.0,6.0
102011031,Erina - Green Point,1033,7,1028,7,1047,8,1011.0,6.0
102011032,Gosford - Springfield,983,4,986,5,939,2,1016.0,7.0
102011033,Kariong,1035,7,1012,6,1054,8,987.0,5.0
102011034,Kincumber - Picketts Valley,1013,6,992,5,1019,7,986.0,5.0
102011035,Narara,1026,6,1006,6,1046,8,991.0,6.0
102011036,Niagara Park - Lisarow,1040,7,1024,7,1062,9,1005.0,6.0
102011037,Point Clare - Koolewong,1033,7,1025,7,1017,6,1028.0,7.0
102011038,Saratoga - Davistown,1056,8,1028,7,1060,8,1000.0,6.0
102011039,Terrigal - North Avoca,1078,9,1085,9,1078,9,1078.0,8.0
102011040,Umina - Booker Bay - Patonga,977,4,965,4,966,3,963.0,5.0
102011041,Wamberal - Forresters Beach,1081,9,1077,9,1097,10,1060.0,8.0
102011042,Woy Woy - Blackwall,951,3,946,3,935,2,949.0,4.0
102011043,Wyoming,981,4,959,4,986,5,965.0,5.0
102021044,Bateau Bay - Killarney Vale,991,4,966,4,1004,6,947.0,4.0
102021045,Blue Haven - San Remo,920,2,886,1,977,4,855.0,1.0
102021046,Budgewoi - Buff Point - Halekula,954,3,918,2,972,4,899.0,2.0
102021047,Chittaway Bay - Tumbi Umbi,1018,6,988,5,1042,8,959.0,4.0
102021048,Gorokan - Kanwal - Charmhaven,917,2,891,1,943,2,876.0,1.0
102021049,Jilliby - Yarramalong,1060,8,1060,8,1127,10,1018.0,7.0
102021050,Lake Munmorah - Mannering Park,952,3,906,2,979,4,873.0,1.0
102021051,Ourimbah - Fountaindale,1052,8,1031,7,1064,9,1015.0,6.0
102021052,Summerland Point - Gwandalan,981,4,935,3,1017,6,890.0,1.0
102021053,The Entrance,945,2,935,3,930,2,944.0,4.0
102021054,Toukley - Norah Head,939,2,914,2,950,3,904.0,2.0
102021055,Tuggerah - Kangy Angy,1013,6,996,5,1026,7,977.0,5.0
102021056,Warnervale - Wadalba,1002,5,992,5,1053,8,960.0,4.0
102021057,Wyong,897,1,892,1,925,2,897.0,2.0
103011059,Bathurst - East,984,4,957,4,1020,7,933.0,3.0
103011060,Bathurst Surrounds,1049,8,1019,6,1081,9,998.0,6.0
103011061,Oberon,965,3,934,3,991,5,915.0,2.0
103011612,Bathurst - South,939,2,929,3,891,1,958.0,4.0
103011613,Bathurst - West,1011,5,982,5,1021,7,967.0,5.0
103021062,Condobolin,947,3,934,3,956,3,946.0,4.0
103021063,Cowra,914,2,890,1,927,2,888.0,1.0
103021064,Cowra Surrounds,974,4,949,3,999,5,953.0,4.0
103021065,Forbes,968,3,940,3,979,4,935.0,3.0
103021066,Grenfell,960,3,942,3,978,4,950.0,4.0
103021067,Parkes (NSW),946,2,918,2,955,3,899.0,2.0
103021068,Parkes Surrounds,950,3,940,3,974,4,960.0,4.0
103021069,West Wyalong,993,5,958,4,1001,5,939.0,3.0
103031070,Lithgow,910,2,892,1,923,2,874.0,1.0
103031071,Lithgow Surrounds,971,3,940,3,1013,6,910.0,2.0
103031072,Mudgee,990,4,960,4,998,5,925.0,3.0
103031073,Mudgee Surrounds - East,899,1,885,1,927,2,898.0,2.0
103031074,Mudgee Surrounds - West,987,4,953,4,1025,7,920.0,3.0
103041076,Blayney,991,4,963,4,1020,7,942.0,4.0
103041077,Orange,956,3,942,3,938,2,950.0,4.0
103041078,Orange - North,1027,6,1005,6,1034,7,988.0,6.0
103041079,Orange Surrounds,1048,8,1020,6,1069,9,994.0,6.0
104011080,Grafton,907,2,884,1,925,2,878.0,1.0
104011081,Grafton Surrounds,951,3,916,2,998,5,901.0,2.0
104011082,Maclean - Yamba - Iluka,967,3,933,3,977,4,924.0,3.0
104021083,Bellingen,992,5,979,5,987,5,1030.0,7.0
104021084,Coffs Harbour - North,940,2,928,3,946,3,934.0,3.0
104021085,Coffs Harbour - South,929,2,925,2,929,2,942.0,4.0
104021086,Coramba - Nana Glen - Bucca,1024,6,982,5,1055,8,954.0,4.0
104021087,Dorrigo,948,3,928,3,961,3,952.0,4.0
104021088,Korora - Emerald Beach,1053,8,1034,7,1067,9,1020.0,7.0
104021089,Sawtell - Boambee,976,4,949,3,985,4,944.0,4.0
104021090,Urunga,968,3,939,3,977,4,939.0,3.0
104021091,Woolgoolga - Arrawarra,972,4,956,4,988,5,954.0,4.0
105011092,Bourke - Brewarrina,910,2,929,3,899,1,964.0,5.0
105011093,Cobar,965,3,937,3,977,4,905.0,2.0
105011094,Coonamble,893,1,902,2,932,2,929.0,3.0
105011095,Nyngan - Warren,953,3,939,3,971,4,932.0,3.0
105011096,Walgett - Lightning Ridge,883,1,894,2,893,1,925.0,3.0
105021097,Broken Hill,913,2,892,1,919,2,887.0,1.0
105021098,Far West,879,1,909,2,908,1,957.0,4.0
105031099,Coonabarabran,924,2,911,2,950,3,928.0,3.0
105031100,Dubbo - East,975,4,946,3,986,4,927.0,3.0
105031101,Dubbo - South,1004,5,974,5,978,4,967.0,5.0
105031102,Dubbo - West,976,4,953,4,990,5,933.0,3.0
105031103,Dubbo Surrounds,1048,7,1009,6,1083,9,972.0,5.0
105031104,Gilgandra,933,2,916,2,958,3,927.0,3.0
105031105,Narromine,960,3,936,3,982,4,932.0,3.0
105031106,Wellington,922,2,907,2,949,3,907.0,2.0
106011107,Branxton - Greta - Pokolbin,1021,6,990,5,1062,9,934.0,3.0
106011108,Cessnock,895,1,869,1,937,2,850.0,1.0
106011109,Cessnock Surrounds,1000,5,968,4,1054,8,939.0,3.0
106011110,Dungog,1009,5,974,5,1040,8,945.0,4.0
106011111,Kurri Kurri - Abermain,924,2,889,1,973,4,852.0,1.0
106011112,Singleton,984,4,948,3,1008,6,895.0,2.0
106011113,Singleton Surrounds,1012,6,980,5,1063,9,914.0,2.0
106021114,Maitland,987,4,964,4,1013,6,941.0,4.0
106021116,Maitland - North,1064,8,1044,7,1092,10,1013.0,6.0
106021614,East Maitland - Metford,978,4,956,4,990,5,937.0,3.0
106021615,Rutherford (North) - Aberglassly,987,4,955,4,1026,7,910.0,2.0
106021616,Rutherford (South) - Telarah,922,2,893,2,951,3,870.0,1.0
106021617,Tenambit - East Maitland,976,4,953,4,980,4,947.0,4.0
106021618,Thornton - Millers Forest,1034,7,1007,6,1066,9,962.0,4.0
106031119,Anna Bay,1009,5,967,4,1018,6,942.0,4.0
106031120,Lemon Tree Passage - Tanilba Bay,937,2,897,2,968,4,878.0,1.0
106031121,Nelson Bay Peninsula,1002,5,973,5,995,5,961.0,4.0
106031122,Raymond Terrace,897,1,872,1,936,2,855.0,1.0
106031123,Seaham - Woodville,1061,8,1030,7,1119,10,979.0,5.0
106031124,Tea Gardens - Hawks Nest,998,5,955,4,994,5,932.0,3.0
106031125,Williamtown - Medowie - Karuah,1005,5,973,4,1042,8,935.0,3.0
106041126,Muswellbrook,918,2,891,1,952,3,849.0,1.0
106041127,Muswellbrook Surrounds,995,5,959,4,1031,7,902.0,2.0
106041128,Scone,975,4,947,3,999,5,910.0,2.0
106041129,Scone Surrounds,975,4,941,3,1000,5,913.0,2.0
107011131,Dapto - Avondale,970,3,940,3,987,5,908.0,2.0
107011132,Horsley - Kembla Grange,1048,8,1027,7,1092,10,969.0,5.0
107011134,Unanderra - Mount Kembla,1011,5,1003,6,1028,7,989.0,6.0
107011545,Berkeley - Lake Heights - Cringi,887,1,885,1,928,2,884.0,1.0
107011546,Port Kembla - Warrawong,851,1,870,1,889,1,879.0,1.0
107011547,Windang - Primbee,940,2,912,2,952,3,884.0,1.0
107031136,Albion Park - Macquarie Pass,1032,7,1000,6,1073,9,948.0,4.0
107031137,Albion Park Rail,931,2,900,2,968,4,872.0,1.0
107031138,Kiama,1056,8,1052,8,1036,7,1061.0,8.0
107031139,Kiama Downs - Minnamurra,1077,9,1061,8,1083,9,1045.0,7.0
107031140,Kiama Hinterland - Gerringong,1080,9,1071,8,1075,9,1064.0,8.0
107031141,Shellharbour - Flinders,1045,7,1034,7,1072,9,990.0,6.0
107031142,Shellharbour - Oak Flats,981,4,957,4,1000,5,924.0,3.0
107031143,Warilla,897,1,883,1,928,2,871.0,1.0
107041144,Balgownie - Fairy Meadow,1007,5,1012,6,990,5,1022.0,7.0
107041145,Corrimal - Tarrawanna - Bellambi,962,3,964,4,948,3,977.0,5.0
107041146,Figtree - Keiraville,1038,7,1045,7,1020,7,1051.0,8.0
107041147,Helensburgh,1087,10,1083,9,1103,10,1049.0,8.0
107041148,Thirroul - Austinmer - Coalcliff,1096,10,1114,10,1089,9,1117.0,9.0
107041150,Woonona - Bulli - Russell Vale,1038,7,1042,7,1033,7,1044.0,7.0
107041548,Wollongong - East,1015,6,1035,7,907,1,1073.0,8.0
107041549,Wollongong - West,991,4,1009,6,931,2,1043.0,7.0
108011151,Bulahdelah - Stroud,946,2,915,2,988,5,903.0,2.0
108011152,Forster,953,3,920,2,958,3,910.0,2.0
108011153,Forster-Tuncurry Surrounds,976,4,937,3,1006,6,928.0,3.0
108011154,Tuncurry,908,2,876,1,912,2,866.0,1.0
108021155,Kempsey,857,1,845,1,911,2,851.0,1.0
108021156,Kempsey Surrounds,943,2,915,2,978,4,919.0,3.0
108021157,Macksville - Scotts Head,924,2,902,2,950,3,905.0,2.0
108021158,Nambucca Heads,882,1,863,1,899,1,877.0,1.0
108021159,Nambucca Heads Surrounds,952,3,925,2,986,4,933.0,3.0
108021160,South West Rocks,958,3,918,2,970,4,903.0,2.0
108031161,Lord Howe Island,1053,8,1014,6,977,4,950.0,4.0
108041162,Laurieton - Bonny Hills,978,4,942,3,994,5,925.0,3.0
108041164,Port Macquarie - West,964,3,943,3,962,3,943.0,4.0
108041165,Port Macquarie Surrounds,991,4,960,4,1022,7,958.0,4.0
108041166,Wauchope,965,3,931,3,1002,5,917.0,2.0
108041619,Port Macquarie - East,1002,5,990,5,978,4,1009.0,6.0
108041620,Port Macquarie - South,1020,6,994,5,1017,6,987.0,5.0
108051167,Gloucester,943,2,913,2,970,4,912.0,2.0
108051168,Old Bar - Manning Point - Red He,1010,5,973,4,1009,6,965.0,5.0
108051169,Taree,879,1,861,1,912,2,863.0,1.0
108051170,Taree Surrounds,959,3,925,2,991,5,920.0,3.0
108051171,Wingham,904,2,872,1,943,2,862.0,1.0
109011172,Albury - East,1035,7,1008,6,1024,7,1003.0,6.0
109011173,Albury - North,928,2,910,2,932,2,918.0,2.0
109011174,Albury - South,991,4,988,5,944,2,1011.0,6.0
109011175,Albury Surrounds,1012,6,979,5,1035,7,966.0,5.0
109011176,Lavington,888,1,872,1,905,1,876.0,1.0
109021177,Hay,957,3,927,3,951,3,904.0,2.0
109021178,Wentworth - Buronga,971,3,945,3,985,4,935.0,3.0
109021179,Wentworth-Balranald Region,965,3,945,3,977,4,938.0,3.0
109031180,Corowa,948,3,906,2,954,3,876.0,1.0
109031181,Corowa Surrounds,990,4,942,3,995,5,915.0,2.0
109031182,Deniliquin,951,3,922,2,955,3,913.0,2.0
109031183,Deniliquin Surrounds,987,4,964,4,1005,6,963.0,5.0
109031184,Moama,1022,6,979,5,1023,7,937.0,3.0
109031185,Tocumwal - Finley - Jerilderie,969,3,931,3,975,4,918.0,2.0
110011186,Armidale,978,4,977,5,945,3,1018.0,7.0
110011187,Armidale Surrounds - North,986,4,960,4,991,5,966.0,5.0
110011188,Armidale Surrounds - South,1007,5,979,5,1013,6,992.0,6.0
110011189,Walcha,993,5,972,4,1001,5,979.0,5.0
110021190,Glen Innes,906,2,891,1,929,2,907.0,2.0
110021191,Inverell,921,2,896,2,936,2,885.0,1.0
110021192,Inverell Surrounds - East,923,2,910,2,963,3,916.0,2.0
110021193,Inverell Surrounds - West,958,3,933,3,984,4,942.0,4.0
110021194,Tenterfield,920,2,903,2,935,2,925.0,3.0
110031195,Moree,926,2,914,2,926,2,907.0,2.0
110031196,Moree Surrounds,973,4,969,4,986,4,967.0,5.0
110031197,Narrabri,969,3,936,3,968,4,903.0,2.0
110031198,Narrabri Surrounds,971,4,950,4,990,5,946.0,4.0
110041199,Gunnedah,954,3,925,2,972,4,889.0,1.0
110041200,Gunnedah Surrounds,980,4,957,4,1018,6,935.0,3.0
110041201,Quirindi,926,2,905,2,951,3,896.0,2.0
110041202,Tamworth - East,950,3,923,2,959,3,906.0,2.0
110041203,Tamworth - North,986,4,966,4,970,4,969.0,5.0
110041204,Tamworth - West,813,1,810,1,883,1,791.0,1.0
110041205,Tamworth Surrounds,998,5,965,4,1029,7,942.0,4.0
111011206,Belmont - Bennetts Green,1002,5,977,5,1007,6,953.0,4.0
111011207,Belmont South - Blacksmiths,951,3,925,2,953,3,901.0,2.0
111011208,Charlestown - Dudley,1025,6,1010,6,1009,6,1004.0,6.0
111011209,Glendale - Cardiff - Hillsboroug,1017,6,991,5,1015,6,977.0,5.0
111011210,Mount Hutton - Windale,873,1,869,1,893,1,876.0,1.0
111011211,Redhead,1043,7,1035,7,1057,8,1012.0,6.0
111011212,Swansea - Caves Beach,1001,5,980,5,1013,6,957.0,4.0
111011213,Valentine - Eleebana,1084,9,1069,8,1089,9,1046.0,7.0
111011214,Warners Bay - Boolaroo,1029,6,1011,6,1021,7,1000.0,6.0
111021215,Bolton Point - Teralba,963,3,939,3,984,4,926.0,3.0
111021216,Bonnells Bay - Silverwater,993,5,963,4,1011,6,944.0,4.0
111021217,Edgeworth - Cameron Park,1021,6,991,5,1044,8,944.0,4.0
111021218,Morisset - Cooranbong,980,4,960,4,1006,6,940.0,4.0
111021219,Toronto - Awaba,975,4,956,4,981,4,946.0,4.0
111021220,Wangi Wangi - Rathmines,1021,6,988,5,1034,7,964.0,5.0
111021221,West Wallsend - Barnsley - Killi,995,5,944,3,1027,7,895.0,2.0
111031222,Adamstown - Kotara,1061,8,1054,8,1028,7,1054.0,8.0
111031223,Beresfield - Hexham,891,1,863,1,932,2,836.0,1.0
111031224,Hamilton - Broadmeadow,999,5,1020,6,951,3,1041.0,7.0
111031225,Lambton - New Lambton,1034,7,1033,7,1003,6,1045.0,7.0
111031226,Maryland - Fletcher - Minmi,1032,7,1015,6,1053,8,986.0,5.0
111031227,Mayfield - Warabrook,986,4,982,5,943,2,1005.0,6.0
111031228,Merewether - The Junction,1083,9,1102,9,1042,8,1108.0,9.0
111031229,Newcastle - Cooks Hill,1048,8,1080,9,945,3,1119.0,9.0
111031230,Newcastle Port - Kooragang,-,-,-,-,1033,7,943.0,4.0
111031231,Shortland - Jesmond,930,2,930,3,879,1,958.0,4.0
111031232,Stockton - Fullerton Cove,1001,5,990,5,1006,6,973.0,5.0
111031233,Wallsend - Elermore Vale,976,4,961,4,962,3,968.0,5.0
111031234,Waratah - North Lambton,992,4,987,5,939,2,1011.0,6.0
111031235,Wickham - Carrington - Tighes Hi,1033,7,1045,7,964,3,1080.0,8.0
112011236,Ballina,975,4,953,4,953,3,952.0,4.0
112011237,Ballina Surrounds,1028,6,1003,6,1038,8,993.0,6.0
112011238,Bangalow,1065,9,1077,9,1073,9,1088.0,9.0
112011239,Brunswick Heads - Ocean Shores,1004,5,998,6,994,5,1028.0,7.0
112011240,Byron Bay,1029,6,1047,7,993,5,1058.0,8.0
112011241,Evans Head,955,3,926,3,962,3,920.0,3.0
112011242,Lennox Head - Skennars Head,1071,9,1068,8,1075,9,1065.0,8.0
112011243,Mullumbimby,993,5,995,5,993,5,1038.0,7.0
112021244,Casino,891,1,862,1,935,2,840.0,1.0
112021245,Casino Surrounds,943,2,912,2,998,5,898.0,2.0
112021246,Goonellabah,969,3,940,3,969,4,939.0,3.0
112021247,Kyogle,930,2,912,2,954,3,930.0,3.0
112021248,Lismore,916,2,904,2,907,1,935.0,3.0
112021249,Lismore Surrounds,1012,6,990,5,1032,7,1002.0,6.0
112031250,Kingscliff - Fingal Head,1029,6,1024,7,1028,7,1016.0,7.0
112031251,Murwillumbah,934,2,914,2,954,3,923.0,3.0
112031252,Murwillumbah Surrounds,996,5,973,4,1018,6,981.0,5.0
112031253,Pottsville,1018,6,997,5,1027,7,989.0,6.0
112031254,Tweed Heads,973,4,949,3,963,3,946.0,4.0
112031550,Banora Point,995,5,960,4,1001,5,938.0,3.0
112031551,Terranora - North Tumbulgum,1062,8,1041,7,1108,10,1014.0,6.0
112031552,Tweed Heads South,917,2,896,2,922,2,887.0,1.0
113011256,Griffith (NSW),956,3,938,3,966,3,911.0,2.0
113011257,Griffith Surrounds,1001,5,969,4,1016,6,942.0,4.0
113011258,Leeton,949,3,921,2,978,4,893.0,2.0
113011259,Narrandera,928,2,910,2,952,3,907.0,2.0
113021260,Tumbarumba,962,3,936,3,996,5,925.0,3.0
113021261,Tumut,930,2,899,2,939,2,887.0,1.0
113021262,Tumut Surrounds,977,4,947,3,1012,6,924.0,3.0
113031263,Cootamundra,947,3,920,2,954,3,917.0,2.0
113031264,Gundagai,965,3,939,3,988,5,919.0,3.0
113031265,Junee,932,2,915,2,975,4,902.0,2.0
113031266,Temora,963,3,933,3,974,4,921.0,3.0
113031267,Wagga Wagga - East,1009,5,984,5,1013,6,976.0,5.0
113031268,Wagga Wagga - North,1053,8,1027,7,1030,7,1030.0,7.0
113031269,Wagga Wagga - South,961,3,947,3,972,4,946.0,4.0
113031270,Wagga Wagga - West,926,2,926,3,898,1,947.0,4.0
113031271,Wagga Wagga Surrounds,1032,6,999,6,1047,8,989.0,6.0
114011272,Berry - Kangaroo Valley,1048,7,1031,7,1046,8,1033.0,7.0
114011273,Callala Bay - Currarong,1001,5,969,4,1008,6,957.0,4.0
114011274,Culburra Beach,987,4,950,3,986,5,935.0,3.0
114011275,Ettrema - Sassafras - Budawang,1087,10,1085,9,1114,10,1028.0,7.0
114011276,Huskisson - Vincentia,1053,8,1037,7,1024,7,1046.0,7.0
114011277,North Nowra - Bomaderry,985,4,958,4,996,5,955.0,4.0
114011278,Nowra,919,2,900,2,950,3,897.0,2.0
114011279,St Georges Basin - Erowal Bay,951,3,911,2,976,4,890.0,2.0
114011280,Sussex Inlet - Berrara,956,3,907,2,963,3,884.0,1.0
114011281,Tomerong - Wandandian - Woollami,1036,7,999,6,1081,9,962.0,5.0
114011282,Ulladulla,995,5,954,4,994,5,941.0,4.0
114011283,Ulladulla Surrounds,1008,5,964,4,1012,6,947.0,4.0
114021284,Bowral,1071,9,1073,8,1062,9,1081.0,8.0
114021285,Hill Top - Colo Vale,1027,6,982,5,1072,9,932.0,3.0
114021286,Mittagong,1030,6,1016,6,1035,7,1003.0,6.0
114021287,Moss Vale - Berrima,1023,6,1004,6,1033,7,987.0,5.0
114021288,Robertson - Fitzroy Falls,1074,9,1062,8,1090,10,1058.0,8.0
114021289,Southern Highlands,1055,8,1040,7,1070,9,1037.0,7.0
115011290,Baulkham Hills - East,1079,9,1106,9,1073,9,1101.0,9.0
115011291,Baulkham Hills (West) - Bella Vi,1103,10,1140,10,1132,10,1121.0,9.0
115011294,Glenhaven,1118,10,1138,10,1146,10,1110.0,9.0
115011296,West Pennant Hills,1118,10,1161,10,1159,10,1147.0,10.0
115011553,Castle Hill - Central,1079,9,1115,10,1067,9,1111.0,9.0
115011554,Castle Hill - East,1059,8,1089,9,1079,9,1084.0,8.0
115011555,Castle Hill - North,1092,10,1131,10,1119,10,1123.0,9.0
115011556,Castle Hill - South,1082,9,1124,10,1085,9,1120.0,9.0
115011557,Castle Hill - West,1120,10,1164,10,1163,10,1139.0,10.0
115011558,Cherrybrook,1110,10,1152,10,1134,10,1144.0,10.0
115011621,Kellyville - East,1100,10,1138,10,1155,10,1106.0,9.0
115011622,Kellyville - West,1103,10,1163,10,1137,10,1140.0,10.0
115021297,Dural - Kenthurst - Wisemans Fer,1087,10,1102,9,1132,10,1067.0,8.0
115021298,Galston - Laughtondale,1090,10,1103,9,1124,10,1080.0,8.0
115031299,Bilpin - Colo - St Albans,1037,7,1014,6,1071,9,992.0,6.0
115031300,Kurrajong Heights - Ebenezer,1062,8,1041,7,1110,10,986.0,5.0
115041301,Pitt Town - McGraths Hill,1062,8,1048,8,1110,10,976.0,5.0
115041623,Box Hill - Nelson,1106,10,1152,10,1183,10,1094.0,9.0
115041624,North Kellyville,1107,10,1167,10,1166,10,1126.0,9.0
115041625,Rouse Hill - Beaumont Hills,1101,10,1141,10,1154,10,1099.0,9.0
116011303,Blacktown (East) - Kings Park,951,3,968,4,930,2,986.0,5.0
116011304,Blacktown (North) - Marayong,956,3,967,4,964,3,968.0,5.0
116011306,Doonside - Woodcroft,963,3,978,5,999,5,978.0,5.0
116011307,Lalor Park - Kings Langley,1002,5,1012,6,1011,6,1007.0,6.0
116011560,Blacktown - South,959,3,965,4,977,4,963.0,5.0
116011561,Blacktown - West,962,3,969,4,973,4,963.0,5.0
116011626,Seven Hills - Prospect,1005,5,1009,6,1005,6,1001.0,6.0
116011627,Toongabbie - West,988,4,1009,6,973,4,1021.0,7.0
116021309,Glenwood,1084,9,1120,10,1137,10,1088.0,9.0
116021562,Acacia Gardens,1080,9,1096,9,1111,10,1054.0,8.0
116021563,Quakers Hill,1054,8,1057,8,1060,8,1038.0,7.0
116021628,Kellyville Ridge - The Ponds,1102,10,1144,10,1152,10,1102.0,9.0
116021629,Marsden Park - Shanes Park,1089,10,1125,10,1159,10,1069.0,8.0
116021630,Riverstone,1022,6,1036,7,1059,8,1005.0,6.0
116021631,Schofields (West) - Colebee,1098,10,1140,10,1166,10,1081.0,8.0
116021632,Schofields - East,1083,9,1130,10,1111,10,1100.0,9.0
116021633,Stanhope Gardens - Parklea,1082,9,1120,10,1131,10,1088.0,9.0
116031313,Bidwill - Hebersham - Emerton,778,1,807,1,853,1,829.0,1.0
116031314,Glendenning - Dean Park,984,4,967,4,1008,6,948.0,4.0
116031315,Hassall Grove - Plumpton,986,4,978,5,1026,7,953.0,4.0
116031316,Lethbridge Park - Tregear,838,1,861,1,903,1,868.0,1.0
116031317,Mount Druitt - Whalan,859,1,883,1,901,1,907.0,2.0
116031319,Rooty Hill - Minchinbury,972,4,974,5,1009,6,954.0,4.0
117011320,Banksmeadow,1084,9,1145,10,980,4,1153.0,10.0
117011321,Botany,1053,8,1082,9,1028,7,1060.0,8.0
117011323,Pagewood - Hillsdale - Daceyvill,991,4,1030,7,950,3,1041.0,7.0
117011634,Eastlakes,936,2,976,5,921,2,995.0,6.0
117011635,Mascot,1033,7,1097,9,937,2,1093.0,9.0
117021327,Petersham - Stanmore,1069,9,1130,10,980,4,1153.0,10.0
117021328,Sydenham - Tempe - St Peters,1056,8,1116,10,1014,6,1113.0,9.0
117021636,Marrickville - North,1042,7,1106,9,986,4,1120.0,9.0
117021637,Marrickville - South,1006,5,1069,8,950,3,1104.0,9.0
117031329,Darlinghurst,1064,8,1155,10,902,1,1175.0,10.0
117031330,Erskineville - Alexandria,1103,10,1179,10,985,4,1187.0,10.0
117031331,Glebe - Forest Lodge,1022,6,1110,9,902,1,1169.0,10.0
117031333,Potts Point - Woolloomooloo,1050,8,1134,10,873,1,1169.0,10.0
117031336,Surry Hills,1034,7,1138,10,879,1,1164.0,10.0
117031638,Camperdown - Darlington,1087,10,1164,10,947,3,1198.0,10.0
117031639,Chippendale,1013,6,1128,10,790,1,1190.0,10.0
117031640,Newtown (NSW),1065,9,1143,10,936,2,1170.0,10.0
117031641,Pyrmont,1042,7,1128,10,918,2,1155.0,10.0
117031642,Redfern,981,4,1080,9,876,1,1114.0,9.0
117031643,Rosebery - Beaconsfield,1082,9,1142,10,983,4,1144.0,10.0
117031644,Sydney (North) - Millers Point,1063,8,1166,10,892,1,1183.0,10.0
117031645,Sydney (South) - Haymarket,937,2,1083,9,768,1,1126.0,9.0
117031646,Ultimo,960,3,1074,8,791,1,1139.0,10.0
117031647,Waterloo,969,3,1074,9,842,1,1112.0,9.0
117031648,Zetland,1071,9,1157,10,908,1,1173.0,10.0
118011339,Bondi - Tamarama - Bronte,1096,10,1167,10,1007,6,1175.0,10.0
118011340,Bondi Beach - North Bondi,1095,10,1170,10,990,5,1172.0,10.0
118011341,Bondi Junction - Waverly,1081,9,1152,10,994,5,1161.0,10.0
118011344,Dover Heights,1099,10,1161,10,1069,9,1170.0,10.0
118011345,Paddington - Moore Park,1100,10,1173,10,1002,6,1196.0,10.0
118011346,Rose Bay - Vaucluse - Watsons Ba,1114,10,1175,10,1094,10,1184.0,10.0
118011347,Woollahra,1106,10,1176,10,1035,7,1200.0,10.0
118011649,Bellevue Hill,1117,10,1179,10,1066,9,1194.0,10.0
118011650,Double Bay - Darling Point,1102,10,1169,10,988,5,1191.0,10.0
118021564,Kensington (NSW),1071,9,1122,10,968,4,1146.0,10.0
118021565,Kingsford,1032,7,1089,9,941,2,1120.0,9.0
118021566,Maroubra - North,1083,9,1127,10,1049,8,1122.0,9.0
118021567,Maroubra - South,989,4,1053,8,945,3,1090.0,9.0
118021568,Maroubra - West,1051,8,1096,9,995,5,1097.0,9.0
118021569,Randwick - North,1091,10,1150,10,998,5,1163.0,10.0
118021570,Randwick - South,1087,10,1148,10,984,4,1156.0,10.0
118021651,Coogee - Clovelly,1114,10,1178,10,1020,7,1174.0,10.0
118021652,Malabar - La Perouse,1041,7,1080,9,1027,7,1077.0,8.0
118021653,Matraville - Chifley,1019,6,1050,8,1020,7,1034.0,7.0
118021654,South Coogee,993,5,1065,8,993,5,1098.0,9.0
119011354,Bass Hill - Georges Hall,887,1,934,3,959,3,961.0,4.0
119011355,Chullora,1006,5,1070,8,1024,7,1097.0,9.0
119011356,Condell Park,908,2,960,4,984,4,983.0,5.0
119011358,Padstow,1004,5,1028,7,1016,6,1020.0,7.0
119011360,Revesby,980,4,1012,6,999,5,1018.0,7.0
119011361,Yagoona - Birrong,877,1,930,3,940,2,966.0,5.0
119011571,Bankstown - North,854,1,917,2,881,1,988.0,6.0
119011572,Bankstown - South,843,1,910,2,884,1,969.0,5.0
119011655,Greenacre - North,895,1,949,3,947,3,993.0,6.0
119011656,Greenacre - South,889,1,948,3,961,3,997.0,6.0
119011657,Panania (North) - Milperra,1021,6,1035,7,1046,8,1014.0,6.0
119011658,Panania (South) - Picnic Point,1039,7,1058,8,1053,8,1034.0,7.0
119021362,Belmore - Belfield,933,2,976,5,947,3,1004.0,6.0
119021366,Punchbowl,847,1,909,2,916,2,955.0,4.0
119021367,Roselands,970,3,999,6,995,5,1012.0,6.0
119021573,Lakemba,810,1,877,1,832,1,948.0,4.0
119021574,Wiley Park,846,1,897,2,861,1,958.0,4.0
119021659,Campsie - North,883,1,953,4,892,1,994.0,6.0
119021660,Campsie - South,843,1,921,2,840,1,975.0,5.0
119021661,Canterbury - South,977,4,1019,6,963,3,1041.0,7.0
119021662,Earlwood,1037,7,1072,8,1046,8,1068.0,8.0
119021663,Kingsgrove - North,992,5,1026,7,1020,7,1024.0,7.0
119031370,Narwee - Beverly Hills,964,3,1007,6,964,3,1030.0,7.0
119031371,Oatley - Hurstville Grove,1083,9,1110,9,1082,9,1108.0,9.0
119031372,Peakhurst - Lugarno,1043,7,1063,8,1056,8,1056.0,8.0
119031373,Riverwood,856,1,922,2,867,1,969.0,5.0
119031374,South Hurstville - Blakehurst,1011,5,1057,8,1010,6,1071.0,8.0
119031664,Hurstville - Central,931,2,1001,6,868,1,1050.0,8.0
119031665,Hurstville - North,979,4,1028,7,998,5,1037.0,7.0
119031666,Mortdale - Oatley,1061,8,1084,9,1037,7,1081.0,8.0
119031667,Penshurst,987,4,1014,6,955,3,1035.0,7.0
119041377,Kingsgrove (South) - Bardwell Pa,1014,6,1055,8,1016,6,1057.0,8.0
119041378,Kogarah,1005,5,1045,7,939,2,1071.0,8.0
119041379,Kogarah Bay - Carlton - Allawah,1009,5,1038,7,989,5,1050.0,8.0
119041380,Monterey - Brighton-le-Sands - K,1005,5,1032,7,984,4,1037.0,7.0
119041381,Rockdale - Banksia,974,4,1013,6,932,2,1028.0,7.0
119041382,Sans Souci - Ramsgate,1030,6,1049,8,1009,6,1042.0,7.0
119041668,Arncliffe - Bardwell Valley,984,4,1034,7,974,4,1051.0,8.0
119041669,Bexley - North,996,5,1027,7,1020,7,1028.0,7.0
119041670,Bexley - South,980,4,1012,6,965,3,1028.0,7.0
119041671,Wolli Creek,1041,7,1115,10,895,1,1142.0,10.0
120011383,Concord - Mortlake - Cabarita,1071,9,1113,10,1050,8,1111.0,9.0
120011385,Drummoyne - Rodd Point,1090,10,1139,10,1058,8,1138.0,10.0
120011386,Five Dock - Abbotsford,1062,8,1110,9,1023,7,1114.0,9.0
120011672,Concord West - North Strathfield,1061,8,1098,9,1019,7,1105.0,9.0
120011673,Rhodes,1057,8,1134,10,944,3,1170.0,10.0
120021387,Balmain,1089,10,1161,10,1037,8,1185.0,10.0
120021389,Lilyfield - Rozelle,1088,10,1155,10,1048,8,1168.0,10.0
120021674,Annandale (NSW),1096,10,1159,10,1026,7,1177.0,10.0
120021675,Leichhardt,1076,9,1143,10,1029,7,1160.0,10.0
120031392,Canterbury (North) - Ashbury,1034,7,1077,9,996,5,1101.0,9.0
120031393,Croydon Park - Enfield,1018,6,1056,8,1006,6,1068.0,8.0
120031394,Dulwich Hill - Lewisham,1051,8,1106,9,974,4,1137.0,10.0
120031395,Haberfield - Summer Hill,1073,9,1124,10,1032,7,1136.0,10.0
120031396,Homebush,998,5,1048,8,911,2,1089.0,9.0
120031576,Strathfield South,1036,7,1069,8,1016,6,1081.0,8.0
120031676,Ashfield - North,1006,5,1052,8,908,1,1099.0,9.0
120031677,Ashfield - South,1009,5,1067,8,944,3,1101.0,9.0
120031678,Burwood (NSW),940,2,1038,7,849,1,1091.0,9.0
120031679,Croydon,1015,6,1069,8,1006,6,1088.0,9.0
120031680,Strathfield - East,979,4,1063,8,882,1,1104.0,9.0
120031681,Strathfield - West,1080,9,1131,10,1095,10,1139.0,10.0
121011399,Chatswood (West) - Lane Cove Nor,1082,9,1137,10,1031,7,1161.0,10.0
121011401,St Leonards - Naremburn,1090,10,1170,10,990,5,1195.0,10.0
121011682,Artarmon,1062,8,1127,10,982,4,1160.0,10.0
121011683,Castle Cove - Northbridge,1124,10,1184,10,1143,10,1187.0,10.0
121011684,Chatswood - East,1029,6,1111,9,952,3,1145.0,10.0
121011685,Greenwich - Riverview,1128,10,1188,10,1115,10,1194.0,10.0
121011686,Lane Cove,1098,10,1155,10,1052,8,1174.0,10.0
121011687,Willoughby,1090,10,1147,10,1077,9,1150.0,10.0
121021403,Asquith - Mount Colah,1085,9,1107,9,1089,9,1107.0,9.0
121021404,Berowra - Brooklyn - Cowan,1100,10,1107,9,1113,10,1086.0,9.0
121021406,Normanhurst - Thornleigh - Westl,1094,10,1134,10,1107,10,1141.0,10.0
121021577,Hornsby - East,1002,5,1041,7,926,2,1090.0,9.0
121021578,Hornsby - West,1068,9,1102,9,1061,8,1116.0,9.0
121021579,Wahroonga (West) - Waitara,1046,7,1095,9,985,4,1137.0,10.0
121031407,Gordon - Killara,1090,10,1150,10,1079,9,1174.0,10.0
121031408,Lindfield - Roseville,1109,10,1169,10,1105,10,1184.0,10.0
121031409,Pymble,1116,10,1177,10,1139,10,1181.0,10.0
121031410,St Ives,1109,10,1162,10,1130,10,1162.0,10.0
121031411,Turramurra,1112,10,1163,10,1124,10,1169.0,10.0
121031412,Wahroonga (East) - Warrawee,1116,10,1171,10,1138,10,1176.0,10.0
121041413,Cremorne - Cammeray,1102,10,1164,10,1023,7,1191.0,10.0
121041414,Crows Nest - Waverton,1105,10,1167,10,991,5,1195.0,10.0
121041416,Neutral Bay - Kirribilli,1083,9,1150,10,963,3,1185.0,10.0
121041417,North Sydney - Lavender Bay,1093,10,1174,10,957,3,1201.0,10.0
121041688,Mosman - North,1107,10,1164,10,1057,8,1177.0,10.0
121041689,Mosman - South,1112,10,1173,10,1072,9,1192.0,10.0
122011418,Balgowlah - Clontarf - Seaforth,1114,10,1172,10,1127,10,1165.0,10.0
122011419,Manly - Fairlight,1105,10,1170,10,1020,7,1178.0,10.0
122021420,Avalon - Palm Beach,1102,10,1127,10,1116,10,1121.0,9.0
122021421,Bayview - Elanora Heights,1098,10,1124,10,1120,10,1107.0,9.0
122021422,Newport - Bilgola,1104,10,1131,10,1114,10,1120.0,9.0
122021690,Mona Vale - Warriewood (North),1085,9,1105,9,1085,9,1081.0,8.0
122021691,North Narrabeen - Warriewood (So,1083,9,1108,9,1111,10,1082.0,8.0
122031424,Beacon Hill - Narraweena,1051,8,1083,9,1081,9,1056.0,8.0
122031425,Cromer,1082,9,1103,9,1113,10,1065.0,8.0
122031427,Forestville - Killarney Heights,1095,10,1135,10,1118,10,1127.0,10.0
122031429,Freshwater - Brookvale,1097,10,1141,10,1065,9,1126.0,9.0
122031430,Manly Vale - Allambie Heights,1090,10,1133,10,1100,10,1117.0,9.0
122031432,Terrey Hills - Duffys Forest,1106,10,1123,10,1136,10,1087.0,9.0
122031692,Belrose,1098,10,1132,10,1137,10,1099.0,9.0
122031693,Collaroy - Collaroy Plateau,1091,10,1119,10,1095,10,1090.0,9.0
122031694,Dee Why (South) - North Curl Cur,1082,9,1119,10,1074,9,1103.0,9.0
122031695,Dee Why - North,1025,6,1063,8,969,4,1059.0,8.0
122031696,Frenchs Forest - Oxford Falls,1112,10,1147,10,1153,10,1114.0,9.0
122031697,Narrabeen - Wheeler Heights,1059,8,1079,9,1037,7,1058.0,8.0
123011433,Camden - Ellis Lane,1041,7,1028,7,1068,9,1005.0,6.0
123011698,Currans Hill,1021,6,1007,6,1055,8,964.0,5.0
123011699,Elderslie - Narellan,1038,7,1037,7,1083,9,991.0,6.0
123011700,Harrington Park,1078,9,1088,9,1157,10,1021.0,7.0
123011701,Mount Annan,1040,7,1026,7,1090,10,982.0,5.0
123011702,Spring Farm,1058,8,1051,8,1103,10,997.0,6.0
123021436,Bradbury - Wedderburn,906,2,907,2,952,3,909.0,2.0
123021437,Campbelltown - Woodbine,953,3,961,4,960,3,963.0,5.0
123021438,Claymore - Eagle Vale - Raby,939,2,931,3,991,5,919.0,3.0
123021441,Leumeah - Minto Heights,957,3,943,3,980,4,931.0,3.0
123021443,Minto - St Andrews,941,2,942,3,981,4,944.0,4.0
123021444,Rosemeadow - Glen Alpine,934,2,933,3,985,4,925.0,3.0
123021703,Denham Court - Bardia,1056,8,1090,9,1116,10,1058.0,8.0
123021704,Glenfield,1008,5,1018,6,1007,6,1023.0,7.0
123021705,Ingleburn,964,3,967,4,977,4,964.0,5.0
123021706,Macquarie Fields,866,1,884,1,898,1,911.0,2.0
123031445,Bargo,1011,5,977,5,1061,8,917.0,2.0
123031446,Douglas Park - Appin,1074,9,1060,8,1129,10,990.0,6.0
123031447,Picton - Tahmoor - Buxton,1016,6,991,5,1054,8,948.0,4.0
123031448,The Oaks - Oakdale,1054,8,1033,7,1113,10,970.0,5.0
124011449,Blackheath - Megalong Valley,1016,6,1010,6,988,5,1069.0,8.0
124011450,Blaxland - Warrimoo - Lapstone,1081,9,1080,9,1081,9,1081.0,8.0
124011452,Katoomba - Leura,993,5,997,6,960,3,1050.0,8.0
124011453,Lawson - Hazelbrook - Linden,1037,7,1022,7,1034,7,1051.0,8.0
124011454,Springwood - Winmalee,1070,9,1056,8,1069,9,1059.0,8.0
124011455,Wentworth Falls,1043,7,1036,7,1027,7,1072.0,8.0
124031457,Cambridge Park,981,4,951,4,1009,6,909.0,2.0
124031459,Emu Plains - Leonay,1049,8,1033,7,1060,8,996.0,6.0
124031460,Glenmore Park - Regentville,1054,8,1044,7,1091,10,996.0,6.0
124031461,Jamisontown - South Penrith,998,5,972,4,1001,5,940.0,4.0
124031462,Kingswood - Werrington,964,3,967,4,975,4,960.0,4.0
124031463,Mulgoa - Luddenham - Orchard Hil,1065,9,1071,8,1137,10,1008.0,6.0
124031464,Penrith,934,2,939,3,887,1,956.0,4.0
124031465,Warragamba - Silverdale,1048,7,1024,7,1120,10,933.0,3.0
124031707,Cranebrook - Castlereagh,996,5,978,5,1034,7,937.0,3.0
124031708,Jordan Springs - Llandilo,1049,8,1061,8,1098,10,1004.0,6.0
124041466,Richmond - Clarendon,996,5,981,5,996,5,970.0,5.0
124041467,Windsor - Bligh Park,973,4,955,4,993,5,932.0,3.0
124041468,Yarramundi - Londonderry,1013,6,994,5,1084,9,916.0,2.0
124051469,Erskine Park,1030,6,1008,6,1080,9,940.0,4.0
124051470,St Clair,999,5,976,5,1037,8,928.0,3.0
124051580,Colyton - Oxley Park,919,2,909,2,954,3,895.0,2.0
124051581,St Marys - North St Marys,895,1,892,1,901,1,889.0,1.0
125011582,Auburn - Central,804,1,905,2,860,1,954.0,4.0
125011583,Auburn - North,799,1,894,2,797,1,955.0,4.0
125011584,Auburn - South,853,1,930,3,942,2,966.0,5.0
125011585,Berala,875,1,940,3,931,2,961.0,4.0
125011586,Lidcombe,943,2,1014,6,953,3,1040.0,7.0
125011587,Regents Park,868,1,929,3,907,1,972.0,5.0
125011709,Silverwater - Newington,1050,8,1096,9,1033,7,1109.0,9.0
125011710,Wentworth Point - Sydney Olympic,1051,8,1108,9,943,2,1147.0,10.0
125021477,Ermington - Rydalmere,1008,5,1045,7,999,5,1060.0,8.0
125021478,Oatlands - Dundas Valley,1004,5,1049,8,1006,6,1072.0,8.0
125021711,Carlingford - East,1063,8,1100,9,1059,8,1116.0,9.0
125021712,Carlingford - West,1043,7,1084,9,1035,7,1109.0,9.0
125031479,Chester Hill - Sefton,855,1,918,2,930,2,962.0,4.0
125031480,Fairfield - East,785,1,861,1,881,1,917.0,2.0
125031481,Granville - Clyde,867,1,932,3,893,1,982.0,5.0
125031483,Guildford - South Granville,801,1,880,1,878,1,950.0,4.0
125031484,Guildford West - Merrylands West,876,1,930,3,933,2,969.0,5.0
125031713,Greystanes - South,1009,5,1013,6,1044,8,987.0,5.0
125031714,Merrylands - Holroyd,884,1,942,3,912,2,983.0,5.0
125031715,Pemulwuy - Greystanes (North),1047,7,1067,8,1078,9,1046.0,7.0
125031716,South Wentworthville,957,3,990,5,983,4,1006.0,6.0
125041489,North Parramatta,1007,5,1043,7,918,2,1092.0,9.0
125041490,North Rocks,1092,10,1120,10,1104,10,1110.0,9.0
125041491,Northmead,1037,7,1061,8,963,3,1096.0,9.0
125041493,Toongabbie - Constitution Hill,1020,6,1036,7,1011,6,1041.0,7.0
125041494,Winston Hills,1083,9,1098,9,1101,10,1082.0,8.0
125041588,Pendle Hill - Girraween,996,5,1026,7,973,4,1044.0,7.0
125041589,Wentworthville - Westmead,1004,5,1040,7,932,2,1084.0,8.0
125041717,Parramatta - North,1018,6,1087,9,857,1,1142.0,10.0
125041718,Parramatta - South,962,3,1017,6,859,1,1066.0,8.0
125041719,Rosehill - Harris Park,963,3,997,5,867,1,1044.0,7.0
126011496,Pennant Hills - Cheltenham,1103,10,1146,10,1106,10,1152.0,10.0
126011720,Epping (East) - North Epping,1081,9,1131,10,1029,7,1162.0,10.0
126011721,Epping (NSW) - West,1061,8,1115,10,1020,7,1151.0,10.0
126021498,Gladesville - Huntleys Point,1086,10,1131,10,1051,8,1136.0,10.0
126021499,Hunters Hill - Woolwich,1111,10,1165,10,1105,10,1169.0,10.0
126021500,Macquarie Park - Marsfield,1043,7,1090,9,941,2,1137.0,10.0
126021501,North Ryde - East Ryde,1076,9,1121,10,1050,8,1126.0,9.0
126021503,West Ryde - Meadowbank,1049,8,1090,9,985,4,1118.0,9.0
126021590,Putney,1113,10,1152,10,1136,10,1132.0,10.0
126021722,Denistone,1087,10,1123,10,1085,9,1128.0,10.0
126021723,Eastwood,1028,6,1084,9,1004,6,1115.0,9.0
126021724,Ryde - North,1037,7,1072,8,1003,6,1084.0,8.0
126021725,Ryde - South,1059,8,1107,9,992,5,1136.0,10.0
127011504,Ashcroft - Busby - Miller,705,1,778,1,830,1,844.0,1.0
127011505,Austral - Greendale,995,5,1009,6,1053,8,980.0,5.0
127011592,Badgerys Creek,1095,10,1072,8,1002,5,1129.0,10.0
127011593,Cecil Hills,991,4,1022,7,1089,9,999.0,6.0
127011594,Green Valley,884,1,925,2,1000,5,936.0,3.0
127011595,Hinchinbrook,945,2,976,5,1049,8,972.0,5.0
127011596,Hoxton Park - Carnes Hill - Horn,977,4,1006,6,1066,9,991.0,6.0
127011597,West Hoxton - Middleton Grange,1003,5,1033,7,1096,10,1006.0,6.0
127011726,Cobbitty - Bringelly,1065,9,1071,8,1119,10,1011.0,6.0
127011727,Gledswood Hills - Gregory Hills,1060,8,1085,9,1123,10,1031.0,7.0
127011728,Leppington - Catherine Field,1035,7,1055,8,1099,10,1010.0,6.0
127011729,Oran Park,1035,7,1062,8,1095,10,1014.0,6.0
127021509,Bonnyrigg Heights - Bonnyrigg,843,1,902,2,972,4,932.0,3.0
127021510,Bossley Park - Abbotsbury,922,2,961,4,1018,6,960.0,4.0
127021511,Cabramatta - Lansvale,737,1,832,1,872,1,890.0,2.0
127021512,Cabramatta West - Mount Pritchar,815,1,878,1,935,2,910.0,2.0
127021513,Canley Vale - Canley Heights,778,1,864,1,909,2,907.0,2.0
127021514,Edensor Park,898,1,942,3,1014,6,950.0,4.0
127021515,Fairfield,721,1,828,1,861,1,891.0,2.0
127021516,Fairfield - West,785,1,868,1,934,2,904.0,2.0
127021517,Greenfield Park - Prairiewood,849,1,911,2,977,4,936.0,3.0
127021518,Horsley Park - Kemps Creek,1028,6,1036,7,1102,10,983.0,5.0
127021519,Smithfield - Wetherill Park,837,1,894,2,944,3,921.0,3.0
127021520,St Johns Park - Wakeley,874,1,926,3,993,5,947.0,4.0
127021521,Wetherill Park Industrial,-,-,-,-,-,-,929.0,3.0
127031522,Casula,936,2,969,4,993,5,982.0,5.0
127031523,Chipping Norton - Moorebank,1019,6,1036,7,1063,9,1014.0,6.0
127031524,Holsworthy - Wattle Grove,1064,8,1068,8,1070,9,1046.0,7.0
127031599,Lurnea - Cartwright,770,1,835,1,877,1,896.0,2.0
127031601,Warwick Farm,803,1,862,1,804,1,931.0,3.0
127031730,Edmondson Park,1047,7,1095,9,1110,10,1067.0,8.0
127031731,Liverpool - East,849,1,905,2,840,1,975.0,5.0
127031732,Liverpool - West,795,1,867,1,890,1,927.0,3.0
127031733,Prestons,995,5,1017,6,1077,9,1000.0,6.0
128011529,Gymea - Grays Point,1093,10,1107,9,1097,10,1073.0,8.0
128011530,Miranda - Yowie Bay,1046,7,1061,8,1025,7,1046.0,7.0
128011531,Sylvania - Taren Point,1065,9,1077,9,1069,9,1053.0,8.0
128011602,Caringbah,1042,7,1054,8,1006,6,1041.0,7.0
128011603,Caringbah South,1104,10,1124,10,1127,10,1085.0,8.0
128011604,Cronulla - Kurnell - Bundeena,1077,9,1088,9,1038,8,1073.0,8.0
128011605,Lilli Pilli - Port Hacking - Dol,1126,10,1162,10,1179,10,1120.0,9.0
128011606,Woolooware - Burraneer,1108,10,1129,10,1106,10,1095.0,9.0
128021533,Heathcote - Waterfall,1074,9,1060,8,1079,9,1018.0,7.0
128021534,Illawong - Alfords Point,1094,10,1109,9,1146,10,1068.0,8.0
128021535,Menai - Lucas Heights - Woronora,1090,10,1099,9,1126,10,1058.0,8.0
128021536,Oyster Bay - Como - Jannali,1098,10,1122,10,1113,10,1099.0,9.0
128021537,Royal National Park,-,-,-,-,-,-,1063.0,8.0
128021538,Sutherland - Kirrawee,1049,8,1060,8,1005,6,1060.0,8.0
128021607,Engadine,1081,9,1071,8,1092,10,1031.0,7.0
128021608,Loftus - Yarrawarrah,1097,10,1095,9,1111,10,1062.0,8.0
128021609,Woronora Heights,1117,10,1124,10,1168,10,1071.0,8.0
