Step,Change Details,Reason and Justification
1,"Dropped 13 columns that are 100% empty (e.g. host_since, host_response_rate, instant_bookable).","These fields are not populated in the June 2026 Sydney snapshot, so they carry no information."
2,"Removed 2,787 listings with no nightly price (17,786 remain).","Price is the key outcome for Q2, Q3, A3 and all models. Listings without a price are mostly unbookable or inactive."
3,"Removed 1,778 listings with minimum stay above 30 nights (16,008 remain).",These are mid/long-term rentals (most require 90+ nights). They price and book differently from short-term stays.
4,"Removed 322 listings priced below $65 or above $2,979 per night (1st/99th percentiles).","The raw maximum was over $50,000 a night, which looks like data entry errors or placeholder prices. Trimming stops a few points dominating means and regressions."
5,"Filled 1,221 missing bathroom counts by parsing bathrooms_text; added a shared-bathroom flag.","The text field holds the same information (e.g. '1.5 shared baths'), so parsing recovers values without guessing."
6,"Imputed missing bedrooms (2,060), beds (561) and bathrooms (15) with the median of listings with the same room type and capacity.",Guest capacity strongly predicts room counts. A grouped median keeps imputed values realistic and avoids dropping listings.
7,"Created amenities_count, superhost flag, property_group (top 6 types + Other), host_tier (1 / 2-9 / 10+ listings) and a 'rated' flag (5+ reviews).",These turn raw text and long-tail categories into variables the analysis and models can use. With fewer than 5 reviews a rating is too noisy to compare.
8,Kept review-score gaps as missing (not imputed) for EDA; rating analyses use listings with 5+ reviews only.,12.0% of listings have no rating because they have no reviews. Filling these in would invent guest opinions.
9,"External data: kept 836 of 1,074 station entrances inside the Greater Sydney window (249 stations); standardised Entrance_Type capitalisation; removed duplicate coordinates.","Regional NSW stations (e.g. Newcastle, Aberdeen) can never be the nearest station to a Sydney listing. 'stairs' vs 'Stairs' was a spelling inconsistency."
10,"Engineered dist_to_nearest_station_m, nearest_station, stations_within_1km, transit_band and dist_to_cbd_km by joining each listing to the station entrances.","This turns the external dataset into listing-level features used in Q3, A3 and all three models."
11,Summarised calendar.csv.gz to one row per listing: share of unavailable nights in the 90 days after 2026-06-29 (unavailable_rate_90d).,The calendar has 7.5 million daily rows and no price. A listing-level 90-day share is a usable forward demand signal. Note that 'unavailable' mixes real bookings with host-blocked nights.
