,Popular (top 25%),Other listings
Listings,4088.0,11598.0
Median price (AUD),285.83500000000004,320.5
Median guests,4.0,4.0
Median bedrooms,1.0,2.0
Median minimum nights,1.0,2.0
Median amenities,44.0,38.0
Mean rating (5+ reviews),4.805258515069836,4.720247660187185
Superhost %,62.769080234833666,29.09984480082773
Entire home %,87.133072407045,77.97033971374375
Commercial host (10+) %,29.74559686888454,40.63631660631143
Median distance to station (m),632.8164244815625,912.607041990004
Within 500 m of station %,40.582191780821915,30.289705121572684
Median days available (365),172.0,179.0
Median 90-day unavailable %,35.55555555555556,24.444444444444443
